channel,f1,precision,recall
A-1,0.0,0.0,0.0
D-1,0.007274931797514398,0.2926829268292683,0.003683241252302026
P-1,0.018867924528301886,0.08,0.0106951871657754
T-1,0.002572347266881029,0.09523809523809523,0.001303780964797914
E-1,0.00749063670411985,0.07142857142857142,0.003952569169960474
